Daily Maximum Temperature (degrees Celsius),,,,,,,,,,,,,
PERTH METRO,,,,,,,,,,,,,
,,,,,,,,,,,,,
2024,Jan,Feb,Mar,Apr,May,Jun,Jul,Aug,Sep,Oct,Nov,Dec,
1st,27.9,42.6,33.8,27.6,24.9,25.8,20.3,16.9,19.2,29.7,29.5,23.9,
2nd,28.4,40.4,31,29.5,25.9,20.3,18.1,17.3,25.9,18,23,21.7,
3rd,31.6,32.5,34.6,29.8,21.6,21.5,,19.3,21.7,18.1,22.4,23.2,
4th,31.1,25.5,27,30.6,22.2,21.5,17.9,20.2,20.7,20.5,21.9,24.8,
5th,30.9,28.1,32.3,33.6,21,23.8,17.2,20.7,15.3,22.6,22.2,25.5,
6th,33.4,32.3,32.9,34.5,22.1,25,16.9,21.1,18.5,23.5,20.8,28.1,
7th,36,36.1,36,36.5,26.8,20.2,19.9,19.8,19.9,25.3,21.6,34.9,
8th,36.5,39.9,27.6,29.2,26.8,20.4,20.7,20.4,20.2,21.8,23.4,33.4,
9th,30.6,42,26.1,27.4,27.5,20.4,21.5,22.4,21.3,23.9,23.2,35,
10th,30.6,42.3,28,28.1,27.7,20.1,18.1,26.2,22.2,28,24.2,35.3,
11th,31.8,37.5,31.3,28.5,25.8,17.9,18.4,21.5,25.1,31.4,25.6,40.4,
12th,37,34.1,30.7,26.4,27.1,20.8,17.6,20.5,26.9,22.2,24.1,37.5,
13th,40.7,34.4,31.5,26.7,28.8,20.6,19.8,20.9,28.4,25.4,31.8,30.4,
14th,36.6,36.5,29.4,26.6,29.4,21.2,17.7,19.4,26.2,22.5,31,29,
15th,34.4,41.7,32.2,28.8,28.1,22.7,22.2,18,24.3,21.9,24.5,25.4,
16th,38.3,27.5,33.5,30.8,28.7,22,22.8,21.1,24,21.9,22.4,24.8,
17th,31.2,37.4,28.9,32.6,28,20.5,23.5,16.4,28.3,21.3,28.2,36.5,
18th,26.8,42.9,27.7,33.2,27.6,19.1,16.6,17.7,24.1,22.7,34.4,29,
19th,27.6,42.3,26.7,30,26.7,18.5,18.2,17.3,22.3,24.3,27.8,29.5,
20th,34,38.1,29.1,31,24.9,19,20.1,19.1,21.3,22.6,25.6,35.2,
21st,30.3,28.2,30,31.1,26.7,20.5,20.2,20.4,19.8,19.7,23,38,
22nd,28,32.2,28.7,23.3,25.8,19.2,20.6,21.6,24.6,21.2,23.2,41.2,
23rd,27.7,37.7,27.9,22.4,26.6,18.1,16.3,20,22.5,23.1,29.4,43.4,
24th,28.2,25.4,28.7,23.5,26.8,17.8,16,18.9,21.7,29.6,36.7,28.4,
25th,28.5,24.1,29.3,22.8,24,17,18.5,20.6,23.3,23.5,23.5,22.9,
26th,29.8,32.3,31.7,27.4,25.2,19.4,19.3,20.6,28.6,22.5,23.3,23.4,
27th,34,26.5,34.3,23.6,21.9,17.4,20.4,19.8,17.5,26.2,28.2,25,
28th,27.1,30.3,28.8,25.7,17.4,19.9,20.4,21.4,18.5,31.8,32.1,31.7,
29th,28.1,33.5,26.9,25.8,15.4,18.4,19.9,19.3,20.9,34.1,31.6,35.1,
30th,36,,28.5,20,19.8,19.3,21.4,18.4,24.3,29.9,29.8,33.4,
31st,41.9,,29.8,,21.6,,23.1,19.4,,33.3,,36.5,
Highest daily,41.9,42.9,36,36.5,29.4,25.8,23.5,26.2,28.6,34.1,36.7,43.4,
Lowest daily,26.8,24.1,26.1,20,15.4,17,16,16.4,15.3,18,20.8,21.7,
Monthly mean,32.1,34.6,30.2,28.2,24.9,20.3,19.5,19.9,22.6,24.6,26.3,31,
"Quality control: 12.3 Done & acceptable,",,,,"12.3 Not quality controlled or uncertain,",,,,12.3 Precise date unknown,,,,,
,Product code: IDCJAC0010 reference: 0136672393,,,,,,,,,,,,
,"© Copyright Commonwealth of Australia 2026, Bureau of Meteorology.",,,,,,,,,,,,
,"Prepared using Climate Data Online, Bureau of Meteorology http://www.bom.gov.au/climate/data.",,,,,,,,,,,,
,Contact us using details on http://www.bom.gov.au/climate/how/contacts.shtml.,,,,,,,,,,,,
,We have taken all due care but cannot provide any warranty nor accept any liability for this information.,,,,,,,,,,,,
,http://www.bom.gov.au/other/copyright.shtml,,,,,,,,,,,Page 1 of,2
Daily Maximum Temperature (degrees Celsius),,,,,,,,,,,,,
PERTH METRO,,,,,,,,,,,,,
Station Number: 009225 · State: WA · Opened: 1993 · Status: Open · Latitude: 31.92°S · Longitude: 115.87°E · Elevation: 25 m,,,,,,,,,,,,,
Statistics for this station calculated over all years of data,,,,,,,,,,,,,
Jan,Feb,Mar,Apr,May,Jun,Jul,Aug,Sep,Oct,Nov,Dec,,
Mean,31.4,31.7,29.7,25.9,22.4,19.5,18.5,19.1,20.7,23.4,26.8,29.6,
Highest monthly,33.7,34.6,31.9,28.5,24.9,21.4,19.7,21.6,22.9,26.8,30.3,33.1,
mean,,,,,,,,,,,,,
Lowest monthly,28.8,29,27.5,23.3,20.6,17.4,16.7,17.6,18.5,20.7,23.6,23.7,
mean,,,,,,,,,,,,,
Highest daily,44.4,44.5,42.4,39.5,34.3,26.2,25.8,30,34.3,37.2,40.4,44.2,
Date of highest,5th,26th,7th,11th,1st,1st,21st,28th,27th,30th,16th,26th,
daily,2015,1997,2007,2020,2002,2009,1994,2019,2023,2013,2019,2007,
Lowest daily,19.7,17.4,18.4,15.9,11.5,11.5,12.5,11.4,13.5,15.8,16,19,
Date of lowest,3rd,9th,31st,1st,23rd,12th,14th,25th,3rd,9th,8th,5th,
daily,2007,2017,2008,2005,1995,2005,2003,2025,1999,2005,1995,2015,
1) Calculation of statistics,,,,,,,,,,,,,
"Summary statistics, other than the Highest and Lowest values, are only calculated",,,,,,,,,,,,,
if there are at least 10 years of data available.,,,,,,,,,,,,,
2) Gaps and missing data,,,,,,,,,,,,,
"Gaps may be caused by a damaged instrument, a temporary change to the site operation, or",,,,,,,,,,,,,
due to the absence or illness of an observer.,,,,,,,,,,,,,
3) Further information,,,,,,,,,,,,,
http://www.bom.gov.au/climate/cdo/about/about-airtemp-data.shtml.,,,,,,,,,,,,,
,Product code: IDCJAC0010 reference: 0136672393 Created on Tue 01 Sep 2026 14:43:24 PM AEST,,,,,,,,,,,,
,"© Copyright Commonwealth of Australia 2026, Bureau of Meteorology.",,,,,,,,,,,,
,"Prepared using Climate Data Online, Bureau of Meteorology http://www.bom.gov.au/climate/data",,,,,,,,,,,,
,Contact us using details on http://www.bom.gov.au/climate/how/contacts.shtml.,,,,,,,,,,,,
,We have taken all due care but cannot provide any warranty nor accept any liability for this information.,,,,,,,,,,,,
,http://www.bom.gov.au/other/copyright.shtml,,,,,,,,,,Page 2 of 2,,